{
	"Version": 3,
	"Parameters": [
		{
			"Id": "ParamAngleX",
			"GroupId": "ParamGroup",
			"Name": "Angle X"
		},
		{
			"Id": "ParamAngleY",
			"GroupId": "ParamGroup",
			"Name": "Angle Y"
		},
		{
			"Id": "ParamAngleZ",
			"GroupId": "ParamGroup",
			"Name": "Angle Z"
		},
		{
			"Id": "Param11",
			"GroupId": "ParamGroup",
			"Name": "Body Bounce 1"
		},
		{
			"Id": "Param12",
			"GroupId": "ParamGroup",
			"Name": "Body Bounce 2"
		},
		{
			"Id": "Param13",
			"GroupId": "ParamGroup",
			"Name": "Emote Bounce 1"
		},
		{
			"Id": "ParamEyeLOpen",
			"GroupId": "ParamGroup2",
			"Name": "EyeL Open"
		},
		{
			"Id": "Param6",
			"GroupId": "ParamGroup2",
			"Name": "Eyeball Bounce"
		},
		{
			"Id": "Param7",
			"GroupId": "ParamGroup2",
			"Name": "Eyeball 2"
		},
		{
			"Id": "Param8",
			"GroupId": "ParamGroup2",
			"Name": "Iris Bounce"
		},
		{
			"Id": "Param9",
			"GroupId": "ParamGroup2",
			"Name": "Iris Bounce 2"
		},
		{
			"Id": "Param10",
			"GroupId": "ParamGroup2",
			"Name": "Iris Bounce 3"
		},
		{
			"Id": "ParamEyeLSmile",
			"GroupId": "ParamGroup2",
			"Name": "EyeL Smile"
		},
		{
			"Id": "ParamEyeROpen",
			"GroupId": "ParamGroup2",
			"Name": "EyeR Open"
		},
		{
			"Id": "ParamEyeRSmile",
			"GroupId": "ParamGroup2",
			"Name": "EyeR Smile"
		},
		{
			"Id": "ParamEyeBallX",
			"GroupId": "ParamGroup2",
			"Name": "Eyeball X"
		},
		{
			"Id": "ParamEyeBallY",
			"GroupId": "ParamGroup2",
			"Name": "Eyeball Y"
		},
		{
			"Id": "ParamBrowLY",
			"GroupId": "ParamGroup3",
			"Name": "BrowL Y"
		},
		{
			"Id": "ParamBrowRY",
			"GroupId": "ParamGroup3",
			"Name": "BrowR Y"
		},
		{
			"Id": "ParamBrowLX",
			"GroupId": "ParamGroup3",
			"Name": "BrowL X"
		},
		{
			"Id": "ParamBrowRX",
			"GroupId": "ParamGroup3",
			"Name": "BrowR X"
		},
		{
			"Id": "ParamBrowLAngle",
			"GroupId": "ParamGroup3",
			"Name": "BrowL Angle"
		},
		{
			"Id": "ParamBrowRAngle",
			"GroupId": "ParamGroup3",
			"Name": "BrowR Angle"
		},
		{
			"Id": "ParamBrowLForm",
			"GroupId": "ParamGroup3",
			"Name": "BrowL Form"
		},
		{
			"Id": "ParamBrowRForm",
			"GroupId": "ParamGroup3",
			"Name": "BrowR Form"
		},
		{
			"Id": "ParamMouthForm",
			"GroupId": "ParamGroup4",
			"Name": "Mouth Form"
		},
		{
			"Id": "ParamMouthOpenY",
			"GroupId": "ParamGroup4",
			"Name": "Mouth Open"
		},
		{
			"Id": "ParamHairFront",
			"GroupId": "ParamGroup5",
			"Name": "Hair Move Front"
		},
		{
			"Id": "ParamHairSide",
			"GroupId": "ParamGroup5",
			"Name": "Hair Move Side"
		},
		{
			"Id": "ParamHairBack",
			"GroupId": "ParamGroup5",
			"Name": "Hair Move Back"
		},
		{
			"Id": "ParamCheek",
			"GroupId": "ParamGroup6",
			"Name": "Cheek"
		},
		{
			"Id": "ParamBodyAngleX",
			"GroupId": "ParamGroup6",
			"Name": "Body X"
		},
		{
			"Id": "ParamBodyAngleY",
			"GroupId": "ParamGroup6",
			"Name": "Body Y"
		},
		{
			"Id": "ParamBodyAngleZ",
			"GroupId": "ParamGroup6",
			"Name": "Body Z"
		},
		{
			"Id": "ParamBreath",
			"GroupId": "ParamGroup6",
			"Name": "Breath"
		},
		{
			"Id": "Param",
			"GroupId": "ParamGroup7",
			"Name": "Flags"
		},
		{
			"Id": "Param2",
			"GroupId": "ParamGroup7",
			"Name": "Bowtie"
		},
		{
			"Id": "Param3",
			"GroupId": "ParamGroup7",
			"Name": "Hands"
		},
		{
			"Id": "Param4",
			"GroupId": "ParamGroup7",
			"Name": "Glasses"
		},
		{
			"Id": "Param5",
			"GroupId": "ParamGroup7",
			"Name": "Guns"
		}
	],
	"ParameterGroups": [
		{
			"Id": "ParamGroup",
			"GroupId": "",
			"Name": "Angles"
		},
		{
			"Id": "ParamGroup2",
			"GroupId": "",
			"Name": "Eyes"
		},
		{
			"Id": "ParamGroup3",
			"GroupId": "",
			"Name": "Brows"
		},
		{
			"Id": "ParamGroup4",
			"GroupId": "",
			"Name": "Mouth"
		},
		{
			"Id": "ParamGroup5",
			"GroupId": "",
			"Name": "Hair"
		},
		{
			"Id": "ParamGroup6",
			"GroupId": "",
			"Name": "Body"
		},
		{
			"Id": "ParamGroup7",
			"GroupId": "",
			"Name": "Emotes"
		}
	],
	"Parts": [
		{
			"Id": "Body",
			"Name": "Body"
		},
		{
			"Id": "Part2",
			"Name": "GUN"
		},
		{
			"Id": "Glasses",
			"Name": "Glasses"
		},
		{
			"Id": "Hair",
			"Name": "Hair"
		},
		{
			"Id": "Bowtie",
			"Name": "Bowtie"
		},
		{
			"Id": "flag",
			"Name": "flag"
		},
		{
			"Id": "Hands",
			"Name": "Hands"
		},
		{
			"Id": "Eyes",
			"Name": "Eyes"
		},
		{
			"Id": "Mouth",
			"Name": "Mouth"
		},
		{
			"Id": "Part",
			"Name": "Main base body"
		},
		{
			"Id": "Part3",
			"Name": "GUN BEHIND"
		}
	],
	"CombinedParameters": [
		[
			"ParamAngleX",
			"ParamAngleY"
		]
	]
}